{"root":[{"assemblyName":"Assembly-CSharp","nameSpace":"FishNet.Serializing.Generated","className":"GeneratedComparers___Internal","methodName":"InitializeOnce","loadTypes":0,"isUnityClass":false},{"assemblyName":"Assembly-CSharp","nameSpace":"FishNet.Serializing.Generated","className":"GeneratedWriters___Internal","methodName":"InitializeOnce","loadTypes":0,"isUnityClass":false},{"assemblyName":"Assembly-CSharp","nameSpace":"FishNet.Serializing.Generated","className":"GeneratedReaders___Internal","methodName":"InitializeOnce","loadTypes":0,"isUnityClass":false},{"assemblyName":"FishNet.Example","nameSpace":"FishNet.Serializing.Generated","className":"GeneratedComparers___Internal","methodName":"InitializeOnce","loadTypes":0,"isUnityClass":false},{"assemblyName":"FishNet.Example","nameSpace":"FishNet.Serializing.Generated","className":"GeneratedWriters___Internal","methodName":"InitializeOnce","loadTypes":0,"isUnityClass":false},{"assemblyName":"FishNet.Example","nameSpace":"FishNet.Serializing.Generated","className":"GeneratedReaders___Internal","methodName":"InitializeOnce","loadTypes":0,"isUnityClass":false},{"assemblyName":"Unity.VisualScripting.Core","nameSpace":"Unity.VisualScripting","className":"RuntimeVSUsageUtility","methodName":"RuntimeInitializeOnLoadBeforeSceneLoad","loadTypes":1,"isUnityClass":true},{"assemblyName":"FishNet.Runtime","nameSpace":"FishNet.Serializing.Generated","className":"GeneratedComparers___Internal","methodName":"InitializeOnce","loadTypes":0,"isUnityClass":false},{"assemblyName":"FishNet.Runtime","nameSpace":"FishNet.Serializing.Generated","className":"GeneratedWriters___Internal","methodName":"InitializeOnce","loadTypes":0,"isUnityClass":false},{"assemblyName":"FishNet.Runtime","nameSpace":"FishNet.Serializing.Generated","className":"GeneratedReaders___Internal","methodName":"InitializeOnce","loadTypes":0,"isUnityClass":false}]}
